{
  "Ansi 12 Color (Light)" : {
    "Red Component" : 0.35686274509803922,
    "Color Space" : "P3",
    "Blue Component" : 0.63529411764705879,
    "Alpha Component" : 1,
    "Green Component" : 0.47450980392156861
  },
  "Ansi 15 Color (Dark)" : {
    "Red Component" : 1,
    "Color Space" : "P3",
    "Blue Component" : 1,
    "Alpha Component" : 1,
    "Green Component" : 1
  },
  "Foreground Color (Dark)" : {
    "Red Component" : 0.80000000000000004,
    "Color Space" : "P3",
    "Blue Component" : 0.80000000000000004,
    "Alpha Component" : 1,
    "Green Component" : 0.80000000000000004
  },
  "Cursor Text Color" : {
    "Red Component" : 1,
    "Color Space" : "sRGB",
    "Blue Component" : 1,
    "Alpha Component" : 1,
    "Green Component" : 1
  },
  "Prompt Before Closing 2" : false,
  "Unicode Normalization" : 3,
  "Ansi 3 Color (Dark)" : {
    "Red Component" : 0.74901960784313726,
    "Color Space" : "P3",
    "Blue Component" : 0.25098039215686274,
    "Alpha Component" : 1,
    "Green Component" : 0.68627450980392157
  },
  "Ansi 12 Color (Dark)" : {
    "Red Component" : 0.52941176470588236,
    "Color Space" : "P3",
    "Blue Component" : 0.75294117647058822,
    "Alpha Component" : 1,
    "Green Component" : 0.6705882352941176
  },
  "Initial Use Transparency" : true,
  "Mouse Reporting" : true,
  "Disable Window Resizing" : true,
  "BM Growl" : true,
  "Background Color (Dark)" : {
    "Red Component" : 0.090196078431372548,
    "Color Space" : "P3",
    "Blue Component" : 0.090196078431372548,
    "Alpha Component" : 1,
    "Green Component" : 0.090196078431372548
  },
  "Guid" : "8B6FE481-1240-4392-AD84-3AAA875C5B45",
  "Cursor Color (Dark)" : {
    "Red Component" : 0.79607843137254897,
    "Color Space" : "P3",
    "Blue Component" : 0.41176470588235292,
    "Alpha Component" : 1,
    "Green Component" : 0.52156862745098043
  },
  "Selection Color (Dark)" : {
    "Red Component" : 0.16470588235294117,
    "Color Space" : "P3",
    "Blue Component" : 0.16470588235294117,
    "Alpha Component" : 1,
    "Green Component" : 0.16470588235294117
  },
  "Only The Default BG Color Uses Transparency" : true,
  "Scrollback Lines" : 1000,
  "Badge Color (Dark)" : {
    "Red Component" : 0.79607843137254897,
    "Color Space" : "P3",
    "Blue Component" : 0.41176470588235292,
    "Alpha Component" : 0.5,
    "Green Component" : 0.52156862745098043
  },
  "Ansi 0 Color (Dark)" : {
    "Red Component" : 0.27058823529411763,
    "Color Space" : "P3",
    "Blue Component" : 0.27058823529411763,
    "Alpha Component" : 1,
    "Green Component" : 0.27058823529411763
  },
  "Transparency" : 0.23571428571428571,
  "Use Bright Bold" : true,
  "Horizontal Spacing" : 1,
  "Ansi 13 Color (Light)" : {
    "Red Component" : 0.68627450980392157,
    "Color Space" : "P3",
    "Blue Component" : 0.5725490196078431,
    "Alpha Component" : 1,
    "Green Component" : 0.35294117647058826
  },
  "Blur" : true,
  "Ansi 13 Color" : {
    "Red Component" : 0.8821563720703125,
    "Color Space" : "sRGB",
    "Blue Component" : 0.8821563720703125,
    "Alpha Component" : 1,
    "Green Component" : 0.4927266538143158
  },
  "Ansi 2 Color (Dark)" : {
    "Red Component" : 0.27058823529411763,
    "Color Space" : "P3",
    "Blue Component" : 0.25490196078431371,
    "Alpha Component" : 1,
    "Green Component" : 0.66666666666666663
  },
  "Cursor Color" : {
    "Red Component" : 0,
    "Color Space" : "sRGB",
    "Blue Component" : 0,
    "Alpha Component" : 1,
    "Green Component" : 0
  },
  "Use Cursor Guide (Light)" : false,
  "Option Key Sends" : 0,
  "Idle Code" : 0,
  "Ansi 13 Color (Dark)" : {
    "Red Component" : 0.80392156862745101,
    "Color Space" : "P3",
    "Blue Component" : 0.72156862745098038,
    "Alpha Component" : 1,
    "Green Component" : 0.58431372549019611
  },
  "Send Code When Idle" : false,
  "Selection Color" : {
    "Red Component" : 0.70196080207824707,
    "Color Space" : "sRGB",
    "Blue Component" : 1,
    "Alpha Component" : 1,
    "Green Component" : 0.84313726425170898
  },
  "Terminal Type" : "xterm-new",
  "Right Option Key Sends" : 0,
  "Background Color" : {
    "Red Component" : 0.97999999999999998,
    "Color Space" : "sRGB",
    "Blue Component" : 0.97999999999999998,
    "Alpha Component" : 1,
    "Green Component" : 0.97999999999999998
  },
  "Show Mark Indicators" : false,
  "Ansi 10 Color (Dark)" : {
    "Red Component" : 0.50196078431372548,
    "Color Space" : "P3",
    "Blue Component" : 0.49803921568627452,
    "Alpha Component" : 1,
    "Green Component" : 0.69803921568627447
  },
  "Ansi 10 Color" : {
    "Red Component" : 0.3450070321559906,
    "Color Space" : "sRGB",
    "Blue Component" : 0.56541937589645386,
    "Alpha Component" : 1,
    "Green Component" : 0.9042816162109375
  },
  "Vertical Spacing" : 1,
  "Cursor Type" : 1,
  "Columns" : 96,
  "Ansi 2 Color (Light)" : {
    "Red Component" : 0,
    "Color Space" : "P3",
    "Blue Component" : 0.015686274509803921,
    "Alpha Component" : 1,
    "Green Component" : 0.41176470588235292
  },
  "Screen" : -1,
  "Cursor Text Color (Dark)" : {
    "Red Component" : 0,
    "Color Space" : "sRGB",
    "Blue Component" : 0,
    "Alpha Component" : 1,
    "Green Component" : 0
  },
  "Description" : "Default",
  "Unlimited Scrollback" : false,
  "Use Italic Font" : true,
  "Working Directory" : "\/Users\/Emrecan",
  "Selected Text Color (Dark)" : {
    "Red Component" : 0.80000000000000004,
    "Color Space" : "P3",
    "Blue Component" : 0.80000000000000004,
    "Alpha Component" : 1,
    "Green Component" : 0.80000000000000004
  },
  "Use Cursor Guide (Dark)" : false,
  "Visual Bell" : true,
  "Link Color (Light)" : {
    "Red Component" : 0.47058823529411764,
    "Color Space" : "P3",
    "Blue Component" : 0.24705882352941178,
    "Alpha Component" : 1,
    "Green Component" : 0.30980392156862746
  },
  "Ansi 1 Color (Dark)" : {
    "Red Component" : 0.93725490196078431,
    "Color Space" : "P3",
    "Blue Component" : 0.38823529411764707,
    "Alpha Component" : 1,
    "Green Component" : 0.38823529411764707
  },
  "Default Bookmark" : "No",
  "Animate Movement" : true,
  "Ansi 14 Color (Light)" : {
    "Red Component" : 0.33725490196078434,
    "Color Space" : "P3",
    "Blue Component" : 0.48627450980392156,
    "Alpha Component" : 1,
    "Green Component" : 0.49411764705882355
  },
  "Ansi 7 Color (Light)" : {
    "Red Component" : 0.27450980392156865,
    "Color Space" : "P3",
    "Blue Component" : 0.27450980392156865,
    "Alpha Component" : 1,
    "Green Component" : 0.27450980392156865
  },
  "Ansi 3 Color (Light)" : {
    "Red Component" : 0.49019607843137253,
    "Color Space" : "P3",
    "Blue Component" : 0,
    "Alpha Component" : 1,
    "Green Component" : 0.4392156862745098
  },
  "Title Components" : 128,
  "Ansi 9 Color (Dark)" : {
    "Red Component" : 0.81960784313725488,
    "Color Space" : "P3",
    "Blue Component" : 0.59215686274509804,
    "Alpha Component" : 1,
    "Green Component" : 0.59215686274509804
  },
  "Badge Color (Light)" : {
    "Red Component" : 0.47058823529411764,
    "Color Space" : "P3",
    "Blue Component" : 0.24705882352941178,
    "Alpha Component" : 0.5,
    "Green Component" : 0.30980392156862746
  },
  "Ansi 14 Color (Dark)" : {
    "Red Component" : 0.51372549019607838,
    "Color Space" : "P3",
    "Blue Component" : 0.6588235294117647,
    "Alpha Component" : 1,
    "Green Component" : 0.68235294117647061
  },
  "Tags" : [

  ],
  "Link Color (Dark)" : {
    "Red Component" : 0.79607843137254897,
    "Color Space" : "P3",
    "Blue Component" : 0.41176470588235292,
    "Alpha Component" : 1,
    "Green Component" : 0.52156862745098043
  },
  "Custom Command" : "No",
  "Jobs to Ignore" : [
    "rlogin",
    "ssh",
    "slogin",
    "telnet"
  ],
  "Use Non-ASCII Font" : false,
  "Custom Directory" : "No",
  "Use Selected Text Color (Light)" : false,